Device Name,Serial Number
DHS Cart05-01,FVFHTFHLQ6L3
DHS Cart05-02,FVFHTF9CQ6L3
DHS Cart05-03,FVFHTFDNQ6L3
DHS Cart05-04,FVFHTFE3Q6L3
DHS Cart05-05,FVFHTC5YQ6L3
DHS Cart05-06,FVFHTECFQ6L3
DHS Cart05-07,FVFHTF56Q6L3
DHS Cart05-08,FVFHTEQ4Q6L3
DHS Cart05-09,FVFHTEL1Q6L3
DHS Cart05-10,FVFHTETUQ6L3
DHS Cart05-11,FVFHTFUDQ6L3
DHS Cart05-12,FVFHTC39Q6L3
DHS Cart05-13,FVFHTF8MQ6L3
DHS Cart05-14,FVFHTFPUQ6L3
DHS Cart05-15,FVFHTFF6Q6L3
DHS Cart05-16,FVFHTDJ6Q6L3
DHS Cart05-27,FVFHTC59Q6L3
DHS Cart06-01,FVFHTDENQ6L3
DHS Cart06-02,FVFHTDAPQ6L3
DHS Cart06-03,FVFHTC6GQ6L3
DHS Cart06-04,FVFHTDMLQ6L3
DHS Cart06-05,FVFHTF8XQ6L3
DHS Cart06-06,FVFHTFU9Q6L3
DHS Cart06-07,FVFHTF9MQ6L3
DHS Cart06-08,FVFHTFK7Q6L3
DHS Cart06-09,FVFHTFRPQ6L3
DHS Cart06-10,FVFHTFGFQ6L3
DHS Cart06-11,FVFHTCANQ6L3
DHS Cart06-12,FVFHTFNGQ6L3
DHS Cart06-13,FVFHTCQYQ6L3
DHS Cart06-14,FVFHTFJDQ6L3
DHS Cart06-15,FVFHTCZKQ6L3
DHS Cart06-16,FVFHT7R7Q6L3
DHS Cart06-17,FVFHTFPFQ6L3
DHS Cart06-18,FVFHTF90Q6L3
DHS Cart06-19,FVFHTFNEQ6L3
DHS Cart06-20,FVFHTFTRQ6L3
DHS Cart06-21,FVFHTCN8Q6L3
DHS Cart06-22,FVFHTCJ1Q6L3
DHS Cart06-23,FVFHTDN9Q6L3
DHS Cart06-24,FVFHTDCVQ6L3
DHS Cart06-25,FVFHTDEKQ6L3
DHS Cart06-26,FVFHTFL7Q6L3
DHS Cart06-27,FVFHTDQGQ6L3
DHS Cart06-28,FVFHTCY9Q6L3
DHS Cart06-29,FVFHTDMXQ6L3
DHS Cart06-30,FVFHTF9JQ6L3
DHS Cart07-01,FVFHTFP1Q6L3
DHS Cart07-02,FVFHTF9AQ6L3
DHS Cart07-03,FVFHTFNKQ6L3
DHS Cart07-04,FVFHTF95Q6L3
DHS Cart07-05,FVFHT7PRQ6L3
DHS Cart07-06,FVFHTEWRQ6L3
DHS Cart07-07,FVFHTBE2Q6L3
DHS Cart07-08,FVFHTEE5Q6L3
DHS Cart07-09,FVFHTBRFQ6L3
DHS Cart07-10,FVFHTBR7Q6L3
DHS Cart07-11,FVFHTFKFQ6L3
DHS Cart07-12,FVFHTCZVQ6L3
DHS Cart07-13,FVFHTD5LQ6L3
DHS Cart07-14,FVFHTD1CQ6L3
DHS Cart07-15,FVFHTD9PQ6L3
DHS Cart07-16,FVFHTCWPQ6L3
DHS Cart07-17,FVFHTFPCQ6L3
DHS Cart07-18,FVFHTFJLQ6L3
DHS Cart07-19,FVFHTFMKQ6L3
DHS Cart07-20,FVFHTFPAQ6L3
DHS Cart07-21,FVFHTFJJQ6L3
DHS Cart07-22,FVFHTFL9Q6L3
DHS Cart07-23,FVFHTFUPQ6L3
DHS Cart07-24,FVFHTFE7Q6L3
DHS Cart07-25,FVFHTDCAQ6L3
DHS Cart07-26,FVFHTD8YQ6L3
DHS Cart07-27,FVFHTFR1Q6L3
DHS Cart07-28,FVFHTDD3Q6L3
DHS Cart07-29,FVFHTCCEQ6L3
DHS Cart07-30,FVFHTDBKQ6L3
DHS Cart08-01,FVFHTE8WQ6L3
DHS Cart08-02,FVFHTEU1Q6L3
DHS Cart08-03,FVFHTETWQ6L3
DHS Cart08-04,FVFHTEVDQ6L3
DHS Cart08-05,FVFHTE7FQ6L3
DHS Cart08-06,FVFHTEZAQ6L3
DHS Cart08-07,FVFHTEK5Q6L3
DHS Cart08-08,FVFHTF1MQ6L3
DHS Cart08-09,FVFHTERDQ6L3
DHS Cart08-10,FVFHTEN4Q6L3
DHS Cart08-11,FVFHTDX9Q6L3
DHS Cart08-12,FVFFLAP6Q6L7
DHS Cart08-13,FVFHTES1Q6L3
DHS Cart08-14,FVFHTEZZQ6L3
DHS Cart08-15,FVFHTF1XQ6L3
DHS Cart08-16,FVFHTEY6Q6L3
DHS Cart08-17,FVFHTF0LQ6L3
DHS Cart08-18,FVFHTF0TQ6L3
DHS Cart08-19,FVFHTF0GQ6L3
DHS Cart08-20,FVFHTF48Q6L3
DHS Cart08-21,FVFHTEGAQ6L3
DHS Cart08-22,FVFHTESYQ6L3
DHS Cart08-23,FVFHTEQ6Q6L3
DHS Cart08-24,FVFHTEEKQ6L3
DHS Cart08-25,FVFHTBPNQ6L3
DHS Cart08-26,FVFHTESXQ6L3
DHS Cart08-27,FVFHTEX5Q6L3
DHS Cart08-28,FVFHTE64Q6L3
DHS Cart08-29,FVFHTEU4Q6L3
DHS Cart08-30,FVFHTEGGQ6L3
DHS Cart09-01,FVFHTBW2Q6L3
DHS Cart09-02,FVFHTEZQQ6L3
DHS Cart09-03,FVFHTEXPQ6L3
DHS Cart09-04,FVFHTDW0Q6L3
DHS Cart09-05,FVFHTEQRQ6L3
DHS Cart09-06,FVFHTF2BQ6L3
DHS Cart09-07,FVFHTE6LQ6L3
DHS Cart09-08,FVFHTF3ZQ6L3
DHS Cart09-09,FVFHTEFCQ6L3
DHS Cart09-10,FVFHTEG2Q6L3
DHS Cart09-11,FVFHTEDFQ6L3
DHS Cart09-12,FVFHTF4LQ6L3
DHS Cart09-13,FVFHTEHAQ6L3
DHS Cart09-14,FVFHTET8Q6L3
DHS Cart09-15,FVFHTEKXQ6L3
DHS Cart09-16,FVFHTEU2Q6L3
DHS Cart09-17,FVFHTBU7Q6L3
DHS Cart09-18,FVFHTF57Q6L3
DHS Cart09-19,FVFHTCTWQ6L3
DHS Cart09-20,FVFHT4MLQ6L3
DHS Cart09-21,FVFHTDR5Q6L3
DHS Cart09-22,FVFHTDEBQ6L3
DHS Cart09-23,FVFHTFPZQ6L3
DHS Cart09-24,FVFHTD88Q6L3
DHS Cart09-25,FVFHTCAKQ6L3
DHS Cart09-26,FVFHTEXZQ6L3
DHS Cart09-27,FVFHTBY7Q6L3
DHS Cart09-28,FVFHTEZ7Q6L3
DHS Cart09-29,FVFHTETFQ6L3
DHS Cart09-30,FVFHTE9WQ6L3
DHS Cart10-01,FVFHTE9YQ6L3
DHS Cart10-02,FVFHTF6JQ6L3
DHS Cart10-03,FVFHTESGQ6L3
DHS Cart10-04,FVFHTF6SQ6L3
DHS Cart10-05,FVFHTE9BQ6L3
DHS Cart10-06,FVFHTF0VQ6L3
DHS Cart10-07,FVFHTF68Q6L3
DHS Cart10-08,FVFHTF93Q6L3
DHS Cart10-09,FVFHTEXYQ6L3
DHS Cart10-10,FVFHTEKDQ6L3
DHS Cart10-11,FVFHTE95Q6L3
DHS Cart10-12,FVFHTEV4Q6L3
DHS Cart10-13,FVFHTEUAQ6L3
DHS Cart10-14,FVFHTEUUQ6L3
DHS Cart10-15,FVFHTENZQ6L3
DHS Cart10-16,FVFHTFSXQ6L3
DHS Cart10-17,FVFHTFEHQ6L3
DHS Cart10-18,FVFHTF8LQ6L3
DHS Cart10-19,FVFHTDARQ6L3
DHS Cart10-20,FVFHTCF7Q6L3
DHS Cart10-21,FVFHTFU3Q6L3
DHS Cart10-22,FVFHTFJBQ6L3
DHS Cart10-23,FVFHTFGBQ6L3
DHS Cart10-24,FVFHTDEAQ6L3
DHS Cart10-25,FVFHTFDBQ6L3
DHS Cart10-26,FVFHTBY1Q6L3
DHS Cart10-27,FVFHTEQEQ6L3
DHS Cart10-28,FVFHTEUBQ6L3
DHS Cart10-29,FVFHTF2JQ6L3
DHS Cart10-30,FVFHT8BWQ6L3
DHS Cart11-01,FVFHTFCSQ6L3
DHS Cart11-02,FVFHTFU4Q6L3
DHS Cart11-03,FVFHTDMGQ6L3
DHS Cart11-04,FVFHTFTWQ6L3
DHS Cart11-05,FVFHTFSQQ6L3
DHS Cart11-06,FVFHTFGSQ6L3
DHS Cart11-07,FVFHTFK9Q6L3
DHS Cart11-08,FVFHTFKXQ6L3
DHS Cart11-09,FVFHTFNYQ6L3
DHS Cart11-10,FVFHTD6FQ6L3
DHS Cart11-11,FVFHTF74Q6L3
DHS Cart11-12,FVFHTENFQ6L3
DHS Cart11-13,FVFHTEV0Q6L3
DHS Cart11-14,FVFHTES0Q6L3
DHS Cart11-15,FVFHTEUVQ6L3
DHS Cart11-16,FVFHTEZYQ6L3
DHS Cart11-17,FVFHTF5ZQ6L3
DHS Cart11-18,FVFHTF00Q6L3
DHS Cart11-19,FVFHTEBYQ6L3
DHS Cart11-20,FVFHTEUSQ6L3
DHS Cart11-21,FVFHTEZMQ6L3
DHS Cart11-22,FVFHTBEPQ6L3
DHS Cart11-23,FVFHTBEEQ6L3
DHS Cart11-24,FVFHTBDXQ6L3
DHS Cart11-25,FVFHTEAYQ6L3
DHS Cart11-26,FVFHTD4PQ6L3
DHS Cart11-27,FVFHTDK0Q6L3
DHS Cart11-28,FVFHTC9QQ6L3
DHS Cart11-29,FVFHTFH3Q6L3
DHS Cart11-30,FVFHTDBHQ6L3
DHS Cart12-01,FVFHTEETQ6L3
DHS Cart12-02,FVFHTF01Q6L3
DHS Cart12-03,FVFHTEF6Q6L3
DHS Cart12-04,FVFHTF0HQ6L3
DHS Cart12-05,FVFHTEK3Q6L3
DHS Cart12-06,FVFHTEV9Q6L3
DHS Cart12-07,FVFHTENLQ6L3
DHS Cart12-08,FVFHTE9PQ6L3
DHS Cart12-09,FVFHTEAGQ6L3
DHS Cart12-10,FVFHTEX6Q6L3
DHS Cart12-11,FVFHTCCCQ6L3
DHS Cart12-12,FVFHTB9NQ6L3
DHS Cart12-13,FVFHTBCVQ6L3
DHS Cart12-14,FVFHTBF4Q6L3
DHS Cart12-15,FVFHTBDKQ6L3
DHS Cart12-16,FVFHTB9BQ6L3
DHS Cart12-17,FVFHTDFTQ6L3
DHS Cart12-18,FVFHTDJHQ6L3
DHS Cart12-19,FVFHTDLLQ6L3
DHS Cart12-20,FVFHTDJEQ6L3
DHS Cart12-21,FVFHTBB8Q6L3
DHS Cart12-22,FVFHTEZLQ6L3
DHS Cart12-23,FVFHTEBQQ6L3
DHS Cart12-24,FVFHTEZ4Q6L3
DHS Cart12-25,FVFHTEY7Q6L3
DHS Cart12-26,FVFHTAA7Q6L3
DHS Cart12-27,FVFHTAREQ6L3
DHS Cart12-28,FVFHTAYBQ6L3
DHS Cart12-29,FVFHTB50Q6L3
DHS Cart12-30,FVFHTB6MQ6L3
DHS Cart13-01,FVFHTCXAQ6L3
DHS Cart13-02,FVFHTD6BQ6L3
DHS Cart13-03,FVFHTDFAQ6L3
DHS Cart13-04,FVFHTDFPQ6L3
DHS Cart13-05,FVFHTCYDQ6L3
DHS Cart13-06,FVFHTAB4Q6L3
DHS Cart13-07,FVFHTAFMQ6L3
DHS Cart13-08,FVFHTAX2Q6L3
DHS Cart13-09,FVFHTAHUQ6L3
DHS Cart13-10,FVFHTB6LQ6L3
DHS Cart13-11,FVFHT96JQ6L3
DHS Cart13-12,FVFHTG9EQ6L3
DHS Cart13-13,FVFHTGURQ6L3
DHS Cart13-14,FVFHTH4XQ6L3
DHS Cart13-15,FVFHTH67Q6L3
DHS Cart13-16,FVFHT7LPQ6L3
DHS Cart13-17,FVFHTFFGQ6L3
DHS Cart13-18,FVFHTCAMQ6L3
DHS Cart13-19,FVFHTFQYQ6L3
DHS Cart13-20,FVFHTCVEQ6L3
DHS Cart13-21,FVFHT3L0Q6L3
DHS Cart13-22,FVFHTATDQ6L3
DHS Cart13-23,FVFHTB7KQ6L3
DHS Cart13-24,FVFHTA8RQ6L3
DHS Cart13-25,FVFHTAFNQ6L3
DHS Cart13-26,FVFHTDCKQ6L3
DHS Cart13-27,FVFHTDD2Q6L3
DHS Cart13-28,FVFHTDG7Q6L3
DHS Cart13-29,FVFHTD4MQ6L3
DHS Cart13-30,FVFHTD4EQ6L3
DHS Cart14-01,FVFHTH1JQ6L3
DHS Cart14-02,FVFHTG0FQ6L3
DHS Cart14-03,FVFHTH7BQ6L3
DHS Cart14-04,FVFHTGY3Q6L3
DHS Cart14-05,FVFHTGSAQ6L3
DHS Cart14-06,FVFHTAT7Q6L3
DHS Cart14-07,FVFHTAQ3Q6L3
DHS Cart14-08,FVFHTAUTQ6L3
DHS Cart14-09,FVFHTAH1Q6L3
DHS Cart14-10,FVFHTB1LQ6L3
DHS Cart14-11,FVFHTH6RQ6L3
DHS Cart14-12,FVFHTH6CQ6L3
DHS Cart14-13,FVFHTH5SQ6L3
DHS Cart14-14,FVFHTFD6Q6L3
DHS Cart14-15,FVFHTGBGQ6L3
DHS Cart14-16,FVFHTGZWQ6L3
DHS Cart14-17,FVFHTF98Q6L3
DHS Cart14-18,FVFHTDKYQ6L3
DHS Cart14-19,FVFHTDRWQ6L3
DHS Cart14-20,FVFHTD1AQ6L3
DHS Cart14-21,FVFHTCSCQ6L3
DHS Cart14-22,FVFHTDBXQ6L3
DHS Cart14-23,FVFHTD9TQ6L3
DHS Cart14-24,FVFHTDD9Q6L3
DHS Cart14-25,FVFHTCY8Q6L3
DHS Cart14-26,FVFHTF8RQ6L3
DHS Cart14-27,FVFHTFU6Q6L3
DHS Cart14-28,FVFHTFT3Q6L3
DHS Cart14-29,FVFHTFH5Q6L3
DHS Cart14-30,FVFHTF91Q6L3
DHS Cart15-01,FVFHTFQDQ6L3
DHS Cart15-02,FVFHTFJMQ6L3
DHS Cart15-03,FVFHTFLXQ6L3
DHS Cart15-04,FVFHTDT1Q6L3
DHS Cart15-05,FVFHTFN4Q6L3
DHS Cart15-06,FVFHTG8BQ6L3
DHS Cart15-07,FVFHTH36Q6L3
DHS Cart15-08,FVFHTH3ZQ6L3
DHS Cart15-09,FVFHTH62Q6L3
DHS Cart15-10,FVFHTH53Q6L3
DHS Cart15-11,FVFHTB9YQ6L3
DHS Cart15-12,FVFHTB9SQ6L3
DHS Cart15-13,FVFHTBABQ6L3
DHS Cart15-14,FVFHT4Q4Q6L3
DHS Cart15-15,FVFHT4NFQ6L3
DHS Cart15-16,FVFHTD6CQ6L3
DHS Cart15-17,FVFHTCRSQ6L3
DHS Cart15-18,FVFHTD6TQ6L3
DHS Cart15-19,FVFHTDEWQ6L3
DHS Cart15-20,FVFHTDBWQ6L3
DHS Cart15-21,FVFHTAFXQ6L3
DHS Cart15-22,FVFHTA6ZQ6L3
DHS Cart15-23,FVFHTAZUQ6L3
DHS Cart15-24,FVFHTAHKQ6L3
DHS Cart15-25,FVFHTAGSQ6L3
DHS Cart15-26,FVFHTCUBQ6L3
DHS Cart15-27,FVFHTC5SQ6L3
DHS Cart15-28,FVFHTD5BQ6L3
DHS Cart15-29,FVFHTD7LQ6L3
DHS Cart15-30,FVFHTD1DQ6L3
DHS Cart17-01,FVFHTDFRQ6L3
DHS Cart17-02,FVFHTCAWQ6L3
DHS Cart17-03,FVFHTD83Q6L3
DHS Cart17-04,FVFHTD76Q6L3
DHS Cart17-05,FVFHTDFCQ6L3
DHS Cart17-06,FVFHTG49Q6L3
DHS Cart17-07,FVFHTFY4Q6L3
DHS Cart17-08,FVFHTGQ1Q6L3
DHS Cart17-09,FVFHTH2SQ6L3
DHS Cart17-10,FVFHT16RQ6L3
DHS Cart17-11,FVFHTD3TQ6L3
DHS Cart17-12,FVFHTDHFQ6L3
DHS Cart17-13,FVFHTD8PQ6L3
DHS Cart17-14,FVFHTCWUQ6L3
DHS Cart17-15,FVFHTDHHQ6L3
DHS Cart17-16,FVFHTH1KQ6L3
DHS Cart17-17,FVFHTH7UQ6L3
DHS Cart17-18,FVFHTH7QQ6L3
DHS Cart17-19,FVFHTFWNQ6L3
DHS Cart17-20,FVFHTH0FQ6L3
DHS Cart17-21,FVFHTCYCQ6L3
DHS Cart17-22,FVFHTD9RQ6L3
DHS Cart17-23,FVFHTD3WQ6L3
DHS Cart17-24,FVFHTCGVQ6L3
DHS Cart17-25,FVFHTCWWQ6L3
DHS Cart17-26,FVFHTCCHQ6L3
DHS Cart17-27,FVFHT79MQ6L3
DHS Cart17-28,FVFHT7GJQ6L3
DHS Cart17-29,FVFHT7CSQ6L3
DHS Cart17-30,FVFHT7CJQ6L3
DHS Cart18-01,FVFHTBG9Q6L3
DHS Cart18-02,FVFHTBK3Q6L3
DHS Cart18-03,FVFHTBJ6Q6L3
DHS Cart18-04,FVFHTBGKQ6L3
DHS Cart18-05,FVFHTBGWQ6L3
DHS Cart18-06,FVFHTB9FQ6L3
DHS Cart18-07,FVFHTBL9Q6L3
DHS Cart18-08,FVFHTBCAQ6L3
DHS Cart18-09,FVFHTBK5Q6L3
DHS Cart18-10,FVFHTBHLQ6L3
DHS Cart18-11,FVFHTAGWQ6L3
DHS Cart18-12,FVFHTACFQ6L3
DHS Cart18-13,FVFHTACGQ6L3
DHS Cart18-14,FVFHTAN9Q6L3
DHS Cart18-15,FVFHTAMEQ6L3
DHS Cart18-16,FVFHTB12Q6L3
DHS Cart18-17,FVFHTAC4Q6L3
DHS Cart18-18,FVFHTA3HQ6L3
DHS Cart18-19,FVFHTAKKQ6L3
DHS Cart18-20,FVFHTAQAQ6L3
DHS Cart18-21,FVFHTEBWQ6L3
DHS Cart18-22,FVFHTEH1Q6L3
DHS Cart18-23,FVFHTBDSQ6L3
DHS Cart18-24,FVFHTEL2Q6L3
DHS Cart18-25,FVFHTE3CQ6L3
DHS Cart18-26,FVFHTE0AQ6L3
DHS Cart18-27,FVFHTBW4Q6L3
DHS Cart18-28,FVFHTE4WQ6L3
DHS Cart18-29,FVFHTDWRQ6L3
DHS Cart18-30,FVFHTE4HQ6L3
DHS Cart19-01,FVFHTFWMQ6L3
DHS Cart19-02,FVFHTH3TQ6L3
DHS Cart19-03,FVFHTH4RQ6L3
DHS Cart19-04,FVFHTGPEQ6L3
DHS Cart19-05,FVFHT185Q6L3
DHS Cart19-06,FVFHT7HHQ6L3
DHS Cart19-07,FVFHTFJAQ6L3
DHS Cart19-08,FVFHT7DDQ6L3
DHS Cart19-09,FVFHTFE4Q6L3
DHS Cart19-10,FVFHTCFEQ6L3
DHS Cart19-11,FVFHTEV6Q6L3
DHS Cart19-12,FVFHTEHFQ6L3
DHS Cart19-13,FVFHTEABQ6L3
DHS Cart19-14,FVFHTE4VQ6L3
DHS Cart19-15,FVFHTEN5Q6L3
DHS Cart19-16,FVFHTEMMQ6L3
DHS Cart19-17,FVFHTEPHQ6L3
DHS Cart19-18,FVFHTEYLQ6L3
DHS Cart19-19,FVFHTEXWQ6L3
DHS Cart19-20,FVFHTEYMQ6L3
DHS Cart19-21,FVFHTABRQ6L3
DHS Cart19-22,FVFHTAA9Q6L3
DHS Cart19-23,FVFHTAPMQ6L3
DHS Cart19-24,FVFHT9AHQ6L3
DHS Cart19-25,FVFHTAHCQ6L3
DHS Cart19-26,FVFHTAVAQ6L3
DHS Cart19-27,FVFHTB0XQ6L3
DHS Cart19-28,FVFHTB0SQ6L3
DHS Cart19-29,FVFHTAYTQ6L3
DHS Cart19-30,FVFHTB3AQ6L3
DHS Cart20-01,FVFHT9SDQ6L3
DHS Cart20-02,FVFHT9CCQ6L3
DHS Cart20-03,FVFHT9XXQ6L3
DHS Cart20-04,FVFHT9ZWQ6L3
DHS Cart20-05,FVFHT9YRQ6L3
DHS Cart20-06,FVFHTET1Q6L3
DHS Cart20-07,FVFHTEVWQ6L3
DHS Cart20-08,FVFHTEEUQ6L3
DHS Cart20-09,FVFHTEBEQ6L3
DHS Cart20-10,FVFHTERSQ6L3
DHS Cart20-11,FVFHTH84Q6L3
DHS Cart20-12,FVFHTG4KQ6L3
DHS Cart20-13,FVFHTH47Q6L3
DHS Cart20-14,FVFHTH0RQ6L3
DHS Cart20-15,FVFHTG8ZQ6L3
DHS Cart20-16,FVFHTCS6Q6L3
DHS Cart20-17,FVFHTD4CQ6L3
DHS Cart20-18,FVFHTCY3Q6L3
DHS Cart20-19,FVFHTDAXQ6L3
DHS Cart20-20,FVFHTCG3Q6L3
DHS Cart20-21,FVFHTEH7Q6L3
DHS Cart20-22,FVFHTELMQ6L3
DHS Cart20-23,FVFHTBGPQ6L3
DHS Cart20-24,FVFHTBTCQ6L3
DHS Cart20-25,FVFHTELAQ6L3
DHS Cart20-26,FVFHTEB2Q6L3
DHS Cart20-27,FVFHTEN7Q6L3
DHS Cart20-28,FVFHTEQTQ6L3
DHS Cart20-29,FVFHTEPYQ6L3
DHS Cart20-30,FVFHTEBUQ6L3
DHS Cart21-01,FVFHTDJLQ6L3
DHS Cart21-02,FVFHTD47Q6L3
DHS Cart21-03,FVFHTD9FQ6L3
DHS Cart21-04,FVFHTDF8Q6L3
DHS Cart21-05,FVFHTDG2Q6L3
DHS Cart21-06,FVFHTCTZQ6L3
DHS Cart21-07,FVFHTCA5Q6L3
DHS Cart21-08,FVFHTCP0Q6L3
DHS Cart21-09,FVFHT7L6Q6L3
DHS Cart21-10,FVFHTDGEQ6L3
DHS Cart21-11,FVFHTA4XQ6L3
DHS Cart21-12,FVFHT9Q4Q6L3
DHS Cart21-13,FVFHTAFHQ6L3
DHS Cart21-14,FVFHTACAQ6L3
DHS Cart21-15,FVFHT9FWQ6L3
DHS Cart21-16,FVFHTECGQ6L3
DHS Cart21-17,FVFHTEF1Q6L3
DHS Cart21-18,FVFHTEPKQ6L3
DHS Cart21-19,FVFHTE2AQ6L3
DHS Cart21-20,FVFHTENHQ6L3
DHS Cart21-21,FVFHTB4QQ6L3
DHS Cart21-22,FVFHTB5JQ6L3
DHS Cart21-23,FVFHTAZBQ6L3
DHS Cart21-24,FVFHTASTQ6L3
DHS Cart21-25,FVFHTATFQ6L3
DHS Cart21-26,FVFHTA7NQ6L3
DHS Cart21-27,FVFHTA1JQ6L3
DHS Cart21-28,FVFHTAYSQ6L3
DHS Cart21-29,FVFHTA7PQ6L3
DHS Cart21-30,FVFHT9W9Q6L3
DHS Cart22-01,FVFHTED7Q6L3
DHS Cart22-02,FVFHTE6TQ6L3
DHS Cart22-03,FVFHTBFAQ6L3
DHS Cart22-04,FVFHTEJHQ6L3
DHS Cart22-05,FVFHTEEBQ6L3
DHS Cart22-06,FVFHTBFWQ6L3
DHS Cart22-07,FVFHTBDAQ6L3
DHS Cart22-08,FVFHTBGBQ6L3
DHS Cart22-09,FVFHTBB5Q6L3
DHS Cart22-10,FVFHTB9QQ6L3
DHS Cart22-11,FVFHTFDCQ6L3
DHS Cart22-12,FVFHTF8ZQ6L3
DHS Cart22-13,FVFHTDBRQ6L3
DHS Cart22-14,FVFHTDGTQ6L3
DHS Cart22-15,FVFHTDNWQ6L3
DHS Cart22-16,FVFHTDQAQ6L3
DHS Cart22-17,FVFHT36QQ6L3
DHS Cart22-18,FVFHTCC3Q6L3
DHS Cart22-19,FVFHT7SAQ6L3
DHS Cart22-20,FVFHTFT7Q6L3
DHS Cart22-21,FVFHTEKMQ6L3
DHS Cart22-22,FVFHTELHQ6L3
DHS Cart22-23,FVFHTE4NQ6L3
DHS Cart22-24,FVFHTE83Q6L3
DHS Cart22-25,FVFHTFRFQ6L3
DHS Cart22-26,FVFHTAR7Q6L3
DHS Cart22-27,FVFHT9RBQ6L3
DHS Cart22-28,FVFHTAR0Q6L3
DHS Cart22-29,FVFHTAZZQ6L3
DHS Cart22-30,FVFHTASCQ6L3
DHS Cart23-01,FVFHT8UZQ6L3
DHS Cart23-02,FVFHT92JQ6L3
DHS Cart23-03,FVFHT94CQ6L3
DHS Cart23-04,FVFHT94BQ6L3
DHS Cart23-05,FVFHT8YUQ6L3
DHS Cart23-06,FVFHTDM7Q6L3
DHS Cart23-07,FVFHTDM9Q6L3
DHS Cart23-08,FVFHT1T3Q6L3
DHS Cart23-09,FVFHTDBSQ6L3
DHS Cart23-10,FVFHTDN8Q6L3
DHS Cart23-11,FVFHTAFAQ6L3
DHS Cart23-12,FVFHTAMLQ6L3
DHS Cart23-13,FVFHTA6LQ6L3
DHS Cart23-14,FVFHTAKPQ6L3
DHS Cart23-15,FVFHTAM9Q6L3
DHS Cart23-16,FVFHTFHDQ6L3
DHS Cart23-17,FVFHTFBDQ6L3
DHS Cart23-18,FVFHTDTDQ6L3
DHS Cart23-19,FVFHTDA4Q6L3
DHS Cart23-20,FVFHTC6RQ6L3
DHS Cart23-21,FVFHW0BAQ6L3
DHS Cart23-22,FVFHW0V6Q6L3
DHS Cart23-23,FVFHW0UAQ6L3
DHS Cart23-24,FVFHW0AZQ6L3
DHS Cart23-25,FVFHW0RSQ6L3
DHS Cart23-26,FVFHW10XQ6L3
DHS Cart23-27,FVFHW18MQ6L3
DHS Cart23-28,FVFHW0NSQ6L3
DHS Cart23-29,FVFHW17RQ6L3
DHS Cart23-30,FVFHW12PQ6L3
DHS Cart24-01,FVFHT9VXQ6L3
DHS Cart24-02,FVFHT9MJQ6L3
DHS Cart24-03,FVFHT9D3Q6L3
DHS Cart24-04,FVFHT9SZQ6L3
DHS Cart24-05,FVFHT9MQQ6L3
DHS Cart24-06,FVFHTAELQ6L3
DHS Cart24-07,FVFHTA6EQ6L3
DHS Cart24-08,FVFHTALAQ6L3
DHS Cart24-09,FVFHTB5ZQ6L3
DHS Cart24-10,FVFHT9REQ6L3
DHS Cart24-11,FVFHW05YQ6L3
DHS Cart24-12,FVFHW0F8Q6L3
DHS Cart24-13,FVFHW0JMQ6L3
DHS Cart24-14,FVFHW0DDQ6L3
DHS Cart24-15,FVFHW0G9Q6L3
DHS Cart24-16,FVFHW155Q6L3
DHS Cart24-17,FVFHW0FSQ6L3
DHS Cart24-18,FVFHW148Q6L3
DHS Cart24-19,FVFHW17HQ6L3
DHS Cart24-20,FVFHW1AMQ6L3
DHS Cart24-21,FVFHTB9ZQ6L3
DHS Cart24-22,FVFHTBCLQ6L3
DHS Cart24-23,FVFHTBLBQ6L3
DHS Cart24-24,FVFHTBJPQ6L3
DHS Cart24-25,FVFHT4M2Q6L3
DHS Cart24-26,FVFHT9N7Q6L3
DHS Cart24-27,FVFHTA1TQ6L3
DHS Cart24-28,FVFHT9WAQ6L3
DHS Cart24-29,FVFHT9XCQ6L3
DHS Cart24-30,FVFHTA0NQ6L3
DHS Cart25-01,FVFHTB4NQ6L3
DHS Cart25-02,FVFHTAY4Q6L3
DHS Cart25-03,FVFHTB5LQ6L3
DHS Cart25-04,FVFHTAZ3Q6L3
DHS Cart25-05,FVFHT9VYQ6L3
DHS Cart25-06,FVFHTB8UQ6L3
DHS Cart25-07,FVFHT9FSQ6L3
DHS Cart25-08,FVFHTA10Q6L3
DHS Cart25-09,FVFHT9X8Q6L3
DHS Cart25-10,FVFHT9GPQ6L3
DHS Cart25-11,FVFHTBW5Q6L3
DHS Cart25-12,FVFHTESRQ6L3
DHS Cart25-13,FVFHTET0Q6L3
DHS Cart25-14,FVFHTEN3Q6L3
DHS Cart25-15,FVFHTEMEQ6L3
DHS Cart25-16,FVFHTBGAQ6L3
DHS Cart25-17,FVFHTBL3Q6L3
DHS Cart25-18,FVFHTDQZQ6L3
DHS Cart25-19,FVFHTBGUQ6L3
DHS Cart25-20,FVFHTB9HQ6L3
DHS Cart25-21,FVFHW0MVQ6L3
DHS Cart25-22,FVFHW12WQ6L3
DHS Cart25-23,FVFHW0ZWQ6L3
DHS Cart25-24,FVFHW07XQ6L3
DHS Cart25-25,FVFHW0JXQ6L3
DHS Cart25-26,FVFHW124Q6L3
DHS Cart25-27,FVFHW1BAQ6L3
DHS Cart25-28,FVFHW0RKQ6L3
DHS Cart25-29,FVFHW1BDQ6L3
DHS Cart25-30,FVFHW16ZQ6L3
DHS Cart26-01,FVFHTA7VQ6L3
DHS Cart26-02,FVFHTAHBQ6L3
DHS Cart26-03,FVFHTA41Q6L3
DHS Cart26-04,FVFHTAE7Q6L3
DHS Cart26-05,FVFHTA9TQ6L3
DHS Cart26-06,FVFHTBERQ6L3
DHS Cart26-07,FVFHTEB1Q6L3
DHS Cart26-08,FVFHTEJMQ6L3
DHS Cart26-09,FVFHTELGQ6L3
DHS Cart26-10,FVFHTE8XQ6L3
DHS Cart26-11,FVFHW0M0Q6L3
DHS Cart26-12,FVFHW0BKQ6L3
DHS Cart26-13,FVFHW0DFQ6L3
DHS Cart26-14,FVFHW0CWQ6L3
DHS Cart26-15,FVFHW0FXQ6L3
DHS Cart26-16,FVFHTESQQ6L3
DHS Cart26-17,FVFHTETTQ6L3
DHS Cart26-18,FVFHTES2Q6L3
DHS Cart26-19,FVFHTE2JQ6L3
DHS Cart26-20,FVFHTF3CQ6L3
DHS Cart26-21,FVFHT9ZDQ6L3
DHS Cart26-22,FVFHTA3YQ6L3
DHS Cart26-23,FVFHTA5ZQ6L3
DHS Cart26-24,FVFHT9BDQ6L3
DHS Cart26-25,FVFHTA5NQ6L3
DHS Cart26-26,FVFHTBNKQ6L3
DHS Cart26-27,FVFHTBHEQ6L3
DHS Cart26-28,FVFHTBMLQ6L3
DHS Cart26-29,FVFHTBFNQ6L3
DHS Cart26-30,FVFHTBLNQ6L3
DHS Cart27-01,FVFHW09TQ6L3
DHS Cart27-02,FVFHW0UEQ6L3
DHS Cart27-03,FVFHW0PLQ6L3
DHS Cart27-04,FVFHW0GXQ6L3
DHS Cart27-05,FVFHTFU1Q6L3
DHS Cart27-06,FVFHTDD7Q6L3
DHS Cart27-07,FVFHW07HQ6L3
DHS Cart27-08,FVFHTCYQQ6L3
DHS Cart27-09,FVFHTFAJQ6L3
DHS Cart27-10,FVFHT3AZQ6L3
DHS Cart27-11,FVFHTBNHQ6L3
DHS Cart27-12,FVFHTBPWQ6L3
DHS Cart27-13,FVFHTBQCQ6L3
DHS Cart27-14,FVFHTBL1Q6L3
DHS Cart27-15,FVFHTBESQ6L3
DHS Cart27-16,FVFHTF3PQ6L3
DHS Cart27-17,FVFHTE3XQ6L3
DHS Cart27-18,FVFHTE4EQ6L3
DHS Cart27-19,FVFHTEL5Q6L3
DHS Cart27-20,FVFHTEMLQ6L3
DHS Cart27-21,FVFHW0R1Q6L3
DHS Cart27-22,FVFHW0RBQ6L3
DHS Cart27-23,FVFHW0AQQ6L3
DHS Cart27-24,FVFHW061Q6L3
DHS Cart27-25,FVFHW08QQ6L3
DHS Cart27-26,FVFHW0X2Q6L3
DHS Cart27-27,FVFHW0LQQ6L3
DHS Cart27-28,FVFHW163Q6L3
DHS Cart27-29,FVFHW0JLQ6L3
DHS Cart27-30,FVFHW0KVQ6L3
DHS Cart28-01,FVFHTA0YQ6L3
DHS Cart28-02,FVFHTA9BQ6L3
DHS Cart28-03,FVFHTADAQ6L3
DHS Cart28-04,FVFHTAEVQ6L3
DHS Cart28-05,FVFHTAALQ6L3
DHS Cart28-06,FVFHTEN1Q6L3
DHS Cart28-07,FVFHTEN0Q6L3
DHS Cart28-08,FVFHTEQXQ6L3
DHS Cart28-09,FVFHTENGQ6L3
DHS Cart28-10,FVFHTEMGQ6L3
DHS Cart28-11,FVFHW0NWQ6L3
DHS Cart28-12,FVFHW14HQ6L3
DHS Cart28-13,FVFHW19DQ6L3
DHS Cart28-14,FVFHW0BCQ6L3
DHS Cart28-15,FVFHW14UQ6L3
DHS Cart28-16,FVFHW0R3Q6L3
DHS Cart28-17,FVFHW0MJQ6L3
DHS Cart28-18,FVFHW0MLQ6L3
DHS Cart28-19,FVFHW0AHQ6L3
DHS Cart28-20,FVFHW0ZKQ6L3
DHS Cart28-21,FVFHTA1SQ6L3
DHS Cart28-22,FVFHT9KDQ6L3
DHS Cart28-23,FVFHTB0WQ6L3
DHS Cart28-24,FVFHTB8NQ6L3
DHS Cart28-25,FVFHT3UQQ6L3
DHS Cart28-26,FVFHTBGCQ6L3
DHS Cart28-27,FVFHTBDNQ6L3
DHS Cart28-28,FVFHTFUSQ6L3
DHS Cart28-29,FVFHTBFBQ6L3
DHS Cart28-30,FVFHTBAUQ6L3
DHS Cart29-01,FVFHW0Z9Q6L3
DHS Cart29-02,FVFHW126Q6L3
DHS Cart29-03,FVFHW0P9Q6L3
DHS Cart29-04,FVFHW0FAQ6L3
DHS Cart29-05,FVFHW165Q6L3
DHS Cart29-06,FVFHTH7XQ6L3
DHS Cart29-07,FVFHTH3MQ6L3
DHS Cart29-08,FVFHTH0YQ6L3
DHS Cart29-09,FVFHTD9DQ6L3
DHS Cart29-10,FVFHTGR5Q6L3
DHS Cart29-11,FVFHT9Y5Q6L3
DHS Cart29-12,FVFHTAA8Q6L3
DHS Cart29-13,FVFHT3WXQ6L3
DHS Cart29-14,FVFHTA0GQ6L3
DHS Cart29-15,FVFHTAF0Q6L3
DHS Cart29-16,FVFHTDUSQ6L3
DHS Cart29-17,FVFHTDTVQ6L3
DHS Cart29-18,FVFHTDXUQ6L3
DHS Cart29-19,FVFHTE5CQ6L3
DHS Cart29-20,FVFHTDZVQ6L3
DHS Cart29-21,FVFHTFH2Q6L3
DHS Cart29-22,FVFHTH1BQ6L3
DHS Cart29-23,FVFHTH48Q6L3
DHS Cart29-24,FVFHTGTWQ6L3
DHS Cart29-25,FVFHTH1SQ6L3
DHS Cart29-26,FVFHW0E8Q6L3
DHS Cart29-27,FVFHW0HQQ6L3
DHS Cart29-28,FVFHW063Q6L3
DHS Cart29-29,FVFHW0BJQ6L3
DHS Cart29-30,FVFHW0RCQ6L3
DHS Cart30-01,FVFHTBGLQ6L3
DHS Cart30-02,FVFHTBVBQ6L3
DHS Cart30-03,FVFHTBX1Q6L3
DHS Cart30-04,FVFHTE2CQ6L3
DHS Cart30-05,FVFHTDXVQ6L3
DHS Cart30-06,FVFHTBBUQ6L3
DHS Cart30-07,FVFHTBB3Q6L3
DHS Cart30-08,FVFHTBAVQ6L3
DHS Cart30-09,FVFHTD8NQ6L3
DHS Cart30-10,FVFHTBASQ6L3
DHS Cart30-11,FVFHW09XQ6L3
DHS Cart30-12,FVFHW140Q6L3
DHS Cart30-13,FVFHW0PCQ6L3
DHS Cart30-14,FVFHW0EHQ6L3
DHS Cart30-15,FVFHW144Q6L3
DHS Cart30-16,FVFHW0QLQ6L3
DHS Cart30-17,FVFHW0R6Q6L3
DHS Cart30-18,FVFHW0G7Q6L3
DHS Cart30-19,FVFHW0CCQ6L3
DHS Cart30-20,FVFHW0N5Q6L3
DHS Cart30-21,FVFHTBBLQ6L3
DHS Cart30-22,FVFHT7ZZQ6L3
DHS Cart30-23,FVFHTBCDQ6L3
DHS Cart30-24,FVFHTBHUQ6L3
DHS Cart30-25,FVFHTBJRQ6L3
DHS Cart30-26,FVFHTE7TQ6L3
DHS Cart30-27,FVFHTE88Q6L3
DHS Cart30-28,FVFHTE84Q6L3
DHS Cart30-29,FVFHTBE5Q6L3
DHS Cart30-30,FVFHTBN3Q6L3
DHS Cart31-01,FVFHW0LZQ6L3
DHS Cart31-02,FVFHW13WQ6L3
DHS Cart31-03,FVFHW16NQ6L3
DHS Cart31-04,FVFHW0QDQ6L3
DHS Cart31-05,FVFHW0KSQ6L3
DHS Cart31-06,FVFHW147Q6L3
DHS Cart31-07,FVFHW12KQ6L3
DHS Cart31-08,FVFHW0DRQ6L3
DHS Cart31-09,FVFHW0MPQ6L3
DHS Cart31-10,FVFHW0Y2Q6L3
DHS Cart31-11,FVFHTEE9Q6L3
DHS Cart31-12,FVFHTEH3Q6L3
DHS Cart31-13,FVFHTEG0Q6L3
DHS Cart31-14,FVFHTBJ9Q6L3
DHS Cart31-15,FVFHTEBGQ6L3
DHS Cart31-16,FVFHTENKQ6L3
DHS Cart31-17,FVFHTBDDQ6L3
DHS Cart31-18,FVFHTF5RQ6L3
DHS Cart31-19,FVFHTBNZQ6L3
DHS Cart31-20,FVFHTEX1Q6L3
DHS Cart31-21,FVFHTGAFQ6L3
DHS Cart31-22,FVFHT99SQ6L3
DHS Cart31-23,FVFHTGB9Q6L3
DHS Cart31-24,FVFHTGADQ6L3
DHS Cart31-25,FVFHTG3VQ6L3
DHS Cart31-26,FVFHW0NUQ6L3
DHS Cart31-27,FVFHW08VQ6L3
DHS Cart31-28,FVFHW0C0Q6L3
DHS Cart31-29,FVFHW0AVQ6L3
DHS Cart31-30,FVFHW0DNQ6L3
DHS Cart32-01,FVFHTBBZQ6L3
DHS Cart32-02,FVFHTBEQQ6L3
DHS Cart32-03,FVFHTBB2Q6L3
DHS Cart32-04,FVFHTBG7Q6L3
DHS Cart32-05,FVFHTBCRQ6L3
DHS Cart32-06,FVFHT4KAQ6L3
DHS Cart32-07,FVFHT7ZXQ6L3
DHS Cart32-08,FVFHTBLGQ6L3
DHS Cart32-09,FVFHTBLMQ6L3
DHS Cart32-10,FVFHTBH4Q6L3
DHS Cart32-11,FVFHTF0UQ6L3
DHS Cart32-12,FVFHTF4PQ6L3
DHS Cart32-13,FVFHTEPFQ6L3
DHS Cart32-14,FVFHTF18Q6L3
DHS Cart32-15,FVFHTBURQ6L3
DHS Cart32-16,FVFHTH61Q6L3
DHS Cart32-17,FVFHTGYTQ6L3
DHS Cart32-18,FVFHTD79Q6L3
DHS Cart32-19,FVFHTH56Q6L3
DHS Cart32-20,FVFHTH45Q6L3
DHS Cart32-21,FVFHTEU8Q6L3
DHS Cart32-22,FVFHTEWXQ6L3
DHS Cart32-23,FVFHTER9Q6L3
DHS Cart32-24,FVFHTE4AQ6L3
DHS Cart32-25,FVFHTEQHQ6L3
DHS Cart32-26,FVFHTFKCQ6L3
DHS Cart32-27,FVFHTFKJQ6L3
DHS Cart32-28,FVFHTFBRQ6L3
DHS Cart32-29,FVFHTD6AQ6L3
DHS Cart32-30,FVFHTDSRQ6L3
DHS Cart33-01,FVFHW0YMQ6L3
DHS Cart33-02,FVFHW0SSQ6L3
DHS Cart33-03,FVFHW1ABQ6L3
DHS Cart33-04,FVFHW18PQ6L3
DHS Cart33-05,FVFHW0P2Q6L3
DHS Cart33-06,FVFHW11KQ6L3
DHS Cart33-07,FVFHW0U4Q6L3
DHS Cart33-08,FVFHW0VHQ6L3
DHS Cart33-09,FVFHTCVCQ6L3
DHS Cart33-10,FVFHW0ENQ6L3
DHS Cart33-11,FVFHW0T8Q6L3
DHS Cart33-12,FVFHW0XZQ6L3
DHS Cart33-13,FVFHW0PFQ6L3
DHS Cart33-14,FVFHW15YQ6L3
DHS Cart33-15,FVFHW0LLQ6L3
DHS Cart33-16,FVFHW08PQ6L3
DHS Cart33-17,FVFHW0REQ6L3
DHS Cart33-18,FVFHW0CPQ6L3
DHS Cart33-19,FVFHW0R7Q6L3
DHS Cart33-20,FVFHW09NQ6L3
DHS Cart33-21,FVFHW0MQQ6L3
DHS Cart33-22,FVFHW0DUQ6L3
DHS Cart33-23,FVFHW0EZQ6L3
DHS Cart33-24,FVFHW109Q6L3
DHS Cart33-25,FVFHW0NCQ6L3
DHS Cart33-26,FVFHW0MXQ6L3
DHS Cart33-27,FVFHW0NDQ6L3
DHS Cart33-28,FVFHW0U7Q6L3
DHS Cart33-29,FVFHW0EEQ6L3
DHS Cart33-30,FVFHW0KQQ6L3
DHS Cart34-01,FVFHTF7GQ6L3
DHS Cart34-02,FVFHTFJYQ6L3
DHS Cart34-03,FVFHTFLNQ6L3
DHS Cart34-04,FVFHTFJ2Q6L3
DHS Cart34-05,FVFHTFA2Q6L3
DHS Cart34-06,FVFHTBE9Q6L3
DHS Cart34-07,FVFHTEW8Q6L3
DHS Cart34-08,FVFHTEANQ6L3
DHS Cart34-09,FVFHTEN9Q6L3
DHS Cart34-10,FVFHTEW6Q6L3
DHS Cart34-11,FVFHTFTYQ6L3
DHS Cart34-12,FVFHTFR2Q6L3
DHS Cart34-13,FVFHTFUUQ6L3
DHS Cart34-14,FVFHTFJ7Q6L3
DHS Cart34-15,FVFHTFDFQ6L3
DHS Cart34-16,FVFHW15LQ6L3
DHS Cart34-17,FVFHW0TRQ6L3
DHS Cart34-18,FVFHW0EJQ6L3
DHS Cart34-19,FVFHW0UPQ6L3
DHS Cart34-20,FVFHW0L6Q6L3
DHS Cart34-21,FVFHW0GBQ6L3
DHS Cart34-22,FVFHW145Q6L3
DHS Cart34-23,FVFHW0Y6Q6L3
DHS Cart34-24,FVFHW0WWQ6L3
DHS Cart34-25,FVFHW0KGQ6L3
DHS Cart34-26,FVFHW150Q6L3
DHS Cart34-27,FVFHW0X0Q6L3
DHS Cart34-28,FVFHW1AYQ6L3
DHS Cart34-29,FVFHW12NQ6L3
DHS Cart34-30,FVFHW16SQ6L3
DHS Cart35-01,FVFHW0XYQ6L3
DHS Cart35-02,FVFHW0PMQ6L3
DHS Cart35-03,FVFHW0PKQ6L3
DHS Cart35-04,FVFHW0XGQ6L3
DHS Cart35-05,FVFHW133Q6L3
DHS Cart35-06,FVFHW0WMQ6L3
DHS Cart35-07,FVFHW0Z1Q6L3
DHS Cart35-08,FVFHW122Q6L3
DHS Cart35-09,FVFHW0GTQ6L3
DHS Cart35-10,FVFHW14KQ6L3
DHS Cart35-11,FVFHW0DCQ6L3
DHS Cart35-12,FVFHW0MEQ6L3
DHS Cart35-13,FVFHW0FBQ6L3
DHS Cart35-14,FVFHW0V0Q6L3
DHS Cart35-15,FVFHW16WQ6L3
DHS Cart35-16,FVFHW0BMQ6L3
DHS Cart35-17,FVFHW0NGQ6L3
DHS Cart35-18,FVFHW0HXQ6L3
DHS Cart35-19,FVFHW0EFQ6L3
DHS Cart35-20,FVFHW0KUQ6L3
DHS Cart35-21,FVFHTF2ZQ6L3
DHS Cart35-22,FVFHTC1DQ6L3
DHS Cart35-23,FVFHTF3EQ6L3
DHS Cart35-24,FVFHTF3NQ6L3
DHS Cart35-25,FVFHTE92Q6L3
DHS Cart35-26,FVFHTD8GQ6L3
DHS Cart35-27,FVFHTD3CQ6L3
DHS Cart35-28,FVFHTDF9Q6L3
DHS Cart35-29,FVFHTD5EQ6L3
DHS Cart35-30,FVFHTDFDQ6L3
DHS Tech02-01,H2WHL04RQ6NY
DHS Tech02-02,H2WHL08PQ6NY
DHS Tech02-03,H2WHK1GCQ6NY
DHS Tech02-04,H2WHK2GMQ6NY
DHS Tech02-05,H2WHL03BQ6NY
DHS Tech02-06,H2WHL00FQ6NY
DHS Tech02-07,H2WHK27XQ6NY
DHS Tech02-08,H2WHL081Q6NY
DHS Tech02-09,H2WHK2FNQ6NY
DHS Tech02-10,H2WHL07WQ6NY
DHS Tech02-11,H2WHL06LQ6NY
DHS Tech02-12,H2WHL06CQ6NY
DHS Tech02-13,H2WHL05BQ6NY
DHS Tech02-16,H2WHL04PQ6NY
DHS Tech02-17,H2WHL08AQ6NY
DHS Tech02-18,H2WHL08GQ6NY
DHS Tech02-19,H2WHL04TQ6NY
DHS Tech02-20,H2WHL08UQ6NY
DHS Tech02-21,H2WHL02QQ6NY
DHS Tech02-22,H2WHL06TQ6NY
DHS Tech02-23,H2WHL07YQ6NY
DHS Tech02-24,H2WHK1DAQ6NY
DHS Tech02-25,H2WHL02TQ6NY
DHS Tech02-26,H2WHL03GQ6NY
DHS Tech02-27,H2WHL077Q6NY
DHS Tech02-28,H2WHL08TQ6NY
DHS Tech02-29,H2WHL04CQ6NY
DHS Tech02-30,H2WHL06HQ6NY
DHS Tech02-31,H2WHK1DGQ6NY
DHS Tech02-32,H2WHL08EQ6NY
DHS Tech02-33,H2WHL07CQ6NY
